<application>
  <component name="CodeLensSettings">
    <anchor>
      <map>
        <entry key="Usages" value="Right" />
      </map>
    </anchor>
    <enabled>
      <map>
        <entry key="Derived symbols" value="false" />
        <entry key="Exposing API" value="false" />
        <entry key="Extension methods" value="true" />
        <entry key="Unity implicit usage" value="true" />
        <entry key="Unity serialized field" value="false" />
        <entry key="VcsAuthorCodeLensProvider" value="false" />
      </map>
    </enabled>
  </component>
</application>