<application>
  <component name="NotificationConfiguration" showBalloons="false">
    <notification groupId="Android SDK Notifications" displayType="NONE" shouldLog="false" />
    <notification groupId="BackendProfiling" displayType="NONE" shouldLog="false" />
    <notification groupId="Branch Context group" displayType="NONE" shouldLog="false" />
    <notification groupId="Build Messages" displayType="NONE" shouldLog="false" />
    <notification groupId="Code style settings migration" displayType="NONE" shouldLog="false" />
    <notification groupId="Debugger messages" displayType="NONE" shouldLog="false" />
    <notification groupId="Dependencies from package.json" displayType="NONE" shouldLog="false" />
    <notification groupId="Error Report-dotnet" shouldLog="false" />
    <notification groupId="Execution" displayType="NONE" shouldLog="false" />
    <notification groupId="Find in Path" displayType="NONE" shouldLog="false" />
    <notification groupId="Find Problems" displayType="NONE" shouldLog="false" />
    <notification groupId="IDE and Plugin Updates" displayType="NONE" shouldLog="false" />
    <notification groupId="IDE Errors" shouldLog="false" />
    <notification groupId="Indexing" displayType="NONE" shouldLog="false" />
    <notification groupId="Node.js interpreter" displayType="NONE" shouldLog="false" />
    <notification groupId="NuGet" displayType="NONE" shouldLog="false" />
    <notification groupId="Plugins Suggestion" displayType="NONE" shouldLog="false" />
    <notification groupId="Power Save Mode" displayType="NONE" shouldLog="false" />
    <notification groupId="Profiling" displayType="NONE" shouldLog="false" />
    <notification groupId="Project Startup Tasks Messages" displayType="NONE" shouldLog="false" />
    <notification groupId="Remote Desktop" displayType="NONE" shouldLog="false" />
    <notification groupId="Rider" displayType="NONE" shouldLog="false" />
    <notification groupId="RiderWithoutPopup" displayType="NONE" shouldLog="false" />
    <notification groupId="scrolling-capabilities-debug" displayType="NONE" shouldLog="false" />
    <notification groupId="System Health" displayType="NONE" shouldLog="false" />
    <notification groupId="Unity Console Messages" displayType="TOOL_WINDOW" shouldLog="false" />
    <notification groupId="UnitySolutionNotification" displayType="TOOL_WINDOW" shouldLog="false" />
    <notification groupId="Webpack" displayType="NONE" shouldLog="false" />
  </component>
</application>